{
    "rmse": 0.6996554456478731,
    "mae": 0.5575322398877838,
    "r2": 0.22791853790937533
}